"TIME","GEO","CITIZEN","SEX","AGE","ASYL_APP","UNIT","Value","Flag and Footnotes"
"2008","European Union (current composition)","Extra-EU28 (current composition)","Total","Less than 18 years","Asylum applicant","Person","46,530","d"
"2008","European Union (current composition)","Extra-EU28 (current composition)","Total","Less than 18 years","First time applicant","Person","33,715","d"
"2008","Belgium","Extra-EU28 (current composition)","Total","Less than 18 years","Asylum applicant","Person","4,140",""
"2008","Belgium","Extra-EU28 (current composition)","Total","Less than 18 years","First time applicant","Person","3,060",""
"2008","Bulgaria","Extra-EU28 (current composition)","Total","Less than 18 years","Asylum applicant","Person","120",""
"2008","Bulgaria","Extra-EU28 (current composition)","Total","Less than 18 years","First time applicant","Person",":",""
"2008","Czechia","Extra-EU28 (current composition)","Total","Less than 18 years","Asylum applicant","Person","295",""
"2008","Czechia","Extra-EU28 (current composition)","Total","Less than 18 years","First time applicant","Person","225",""
"2008","Denmark","Extra-EU28 (current composition)","Total","Less than 18 years","Asylum applicant","Person","665",""
"2008","Denmark","Extra-EU28 (current composition)","Total","Less than 18 years","First time applicant","Person","665",""
"2008","Germany (until 1990 former territory of the FRG)","Extra-EU28 (current composition)","Total","Less than 18 years","Asylum applicant","Person","7,800",""
"2008","Germany (until 1990 former territory of the FRG)","Extra-EU28 (current composition)","Total","Less than 18 years","First time applicant","Person","6,605",""
"2008","Estonia","Extra-EU28 (current composition)","Total","Less than 18 years","Asylum applicant","Person","0",""
"2008","Estonia","Extra-EU28 (current composition)","Total","Less than 18 years","First time applicant","Person","0",""
"2008","Ireland","Extra-EU28 (current composition)","Total","Less than 18 years","Asylum applicant","Person","1,005",""
"2008","Ireland","Extra-EU28 (current composition)","Total","Less than 18 years","First time applicant","Person","990",""
"2008","Greece","Extra-EU28 (current composition)","Total","Less than 18 years","Asylum applicant","Person","1,240",""
"2008","Greece","Extra-EU28 (current composition)","Total","Less than 18 years","First time applicant","Person",":",""
"2008","Spain","Extra-EU28 (current composition)","Total","Less than 18 years","Asylum applicant","Person","560",""
"2008","Spain","Extra-EU28 (current composition)","Total","Less than 18 years","First time applicant","Person",":",""
"2008","France","Extra-EU28 (current composition)","Total","Less than 18 years","Asylum applicant","Person","8,130",""
"2008","France","Extra-EU28 (current composition)","Total","Less than 18 years","First time applicant","Person",":",""
"2008","Croatia","Extra-EU28 (current composition)","Total","Less than 18 years","Asylum applicant","Person",":",""
"2008","Croatia","Extra-EU28 (current composition)","Total","Less than 18 years","First time applicant","Person",":",""
"2008","Italy","Extra-EU28 (current composition)","Total","Less than 18 years","Asylum applicant","Person","570",""
"2008","Italy","Extra-EU28 (current composition)","Total","Less than 18 years","First time applicant","Person","570",""
"2008","Cyprus","Extra-EU28 (current composition)","Total","Less than 18 years","Asylum applicant","Person","390",""
"2008","Cyprus","Extra-EU28 (current composition)","Total","Less than 18 years","First time applicant","Person","390",""
"2008","Latvia","Extra-EU28 (current composition)","Total","Less than 18 years","Asylum applicant","Person","15",""
"2008","Latvia","Extra-EU28 (current composition)","Total","Less than 18 years","First time applicant","Person","15",""
"2008","Lithuania","Extra-EU28 (current composition)","Total","Less than 18 years","Asylum applicant","Person","170",""
"2008","Lithuania","Extra-EU28 (current composition)","Total","Less than 18 years","First time applicant","Person",":",""
"2008","Luxembourg","Extra-EU28 (current composition)","Total","Less than 18 years","Asylum applicant","Person","105",""
"2008","Luxembourg","Extra-EU28 (current composition)","Total","Less than 18 years","First time applicant","Person",":",""
"2008","Hungary","Extra-EU28 (current composition)","Total","Less than 18 years","Asylum applicant","Person","795",""
"2008","Hungary","Extra-EU28 (current composition)","Total","Less than 18 years","First time applicant","Person",":",""
"2008","Malta","Extra-EU28 (current composition)","Total","Less than 18 years","Asylum applicant","Person","375",""
"2008","Malta","Extra-EU28 (current composition)","Total","Less than 18 years","First time applicant","Person","375",""
"2008","Netherlands","Extra-EU28 (current composition)","Total","Less than 18 years","Asylum applicant","Person","3,970",""
"2008","Netherlands","Extra-EU28 (current composition)","Total","Less than 18 years","First time applicant","Person","3,555",""
"2008","Austria","Extra-EU28 (current composition)","Total","Less than 18 years","Asylum applicant","Person","4,855",""
"2008","Austria","Extra-EU28 (current composition)","Total","Less than 18 years","First time applicant","Person",":",""
"2008","Poland","Extra-EU28 (current composition)","Total","Less than 18 years","Asylum applicant","Person","3,860",""
"2008","Poland","Extra-EU28 (current composition)","Total","Less than 18 years","First time applicant","Person","3,270",""
"2008","Portugal","Extra-EU28 (current composition)","Total","Less than 18 years","Asylum applicant","Person","25",""
"2008","Portugal","Extra-EU28 (current composition)","Total","Less than 18 years","First time applicant","Person","25",""
"2008","Romania","Extra-EU28 (current composition)","Total","Less than 18 years","Asylum applicant","Person","120",""
"2008","Romania","Extra-EU28 (current composition)","Total","Less than 18 years","First time applicant","Person",":",""
"2008","Slovenia","Extra-EU28 (current composition)","Total","Less than 18 years","Asylum applicant","Person","40",""
"2008","Slovenia","Extra-EU28 (current composition)","Total","Less than 18 years","First time applicant","Person","35",""
"2008","Slovakia","Extra-EU28 (current composition)","Total","Less than 18 years","Asylum applicant","Person","120",""
"2008","Slovakia","Extra-EU28 (current composition)","Total","Less than 18 years","First time applicant","Person",":",""
"2008","Finland","Extra-EU28 (current composition)","Total","Less than 18 years","Asylum applicant","Person","785",""
"2008","Finland","Extra-EU28 (current composition)","Total","Less than 18 years","First time applicant","Person",":",""
"2008","Sweden","Extra-EU28 (current composition)","Total","Less than 18 years","Asylum applicant","Person","6,370",""
"2008","Sweden","Extra-EU28 (current composition)","Total","Less than 18 years","First time applicant","Person","6,245",""
"2008","United Kingdom","Extra-EU28 (current composition)","Total","Less than 18 years","Asylum applicant","Person",":",""
"2008","United Kingdom","Extra-EU28 (current composition)","Total","Less than 18 years","First time applicant","Person","7,680",""
"2008","Iceland","Extra-EU28 (current composition)","Total","Less than 18 years","Asylum applicant","Person","5",""
"2008","Iceland","Extra-EU28 (current composition)","Total","Less than 18 years","First time applicant","Person",":",""
"2008","Liechtenstein","Extra-EU28 (current composition)","Total","Less than 18 years","Asylum applicant","Person","5",""
"2008","Liechtenstein","Extra-EU28 (current composition)","Total","Less than 18 years","First time applicant","Person",":",""
"2008","Norway","Extra-EU28 (current composition)","Total","Less than 18 years","Asylum applicant","Person","3,450",""
"2008","Norway","Extra-EU28 (current composition)","Total","Less than 18 years","First time applicant","Person","3,230",""
"2008","Switzerland","Extra-EU28 (current composition)","Total","Less than 18 years","Asylum applicant","Person","4,010",""
"2008","Switzerland","Extra-EU28 (current composition)","Total","Less than 18 years","First time applicant","Person","3,770",""
"2008","Total","Extra-EU28 (current composition)","Total","Less than 18 years","Asylum applicant","Person","53,995","d"
"2008","Total","Extra-EU28 (current composition)","Total","Less than 18 years","First time applicant","Person","40,715","d"
"2009","European Union (current composition)","Extra-EU28 (current composition)","Total","Less than 18 years","Asylum applicant","Person","62,700",""
"2009","European Union (current composition)","Extra-EU28 (current composition)","Total","Less than 18 years","First time applicant","Person","49,570",""
"2009","Belgium","Extra-EU28 (current composition)","Total","Less than 18 years","Asylum applicant","Person","6,275",""
"2009","Belgium","Extra-EU28 (current composition)","Total","Less than 18 years","First time applicant","Person","5,075",""
"2009","Bulgaria","Extra-EU28 (current composition)","Total","Less than 18 years","Asylum applicant","Person","110",""
"2009","Bulgaria","Extra-EU28 (current composition)","Total","Less than 18 years","First time applicant","Person",":",""
"2009","Czechia","Extra-EU28 (current composition)","Total","Less than 18 years","Asylum applicant","Person","290",""
"2009","Czechia","Extra-EU28 (current composition)","Total","Less than 18 years","First time applicant","Person","150",""
"2009","Denmark","Extra-EU28 (current composition)","Total","Less than 18 years","Asylum applicant","Person","1,150",""
"2009","Denmark","Extra-EU28 (current composition)","Total","Less than 18 years","First time applicant","Person","1,150",""
"2009","Germany (until 1990 former territory of the FRG)","Extra-EU28 (current composition)","Total","Less than 18 years","Asylum applicant","Person","10,375",""
"2009","Germany (until 1990 former territory of the FRG)","Extra-EU28 (current composition)","Total","Less than 18 years","First time applicant","Person","9,325",""
"2009","Estonia","Extra-EU28 (current composition)","Total","Less than 18 years","Asylum applicant","Person","5",""
"2009","Estonia","Extra-EU28 (current composition)","Total","Less than 18 years","First time applicant","Person","5",""
"2009","Ireland","Extra-EU28 (current composition)","Total","Less than 18 years","Asylum applicant","Person","755",""
"2009","Ireland","Extra-EU28 (current composition)","Total","Less than 18 years","First time applicant","Person","740",""
"2009","Greece","Extra-EU28 (current composition)","Total","Less than 18 years","Asylum applicant","Person","795",""
"2009","Greece","Extra-EU28 (current composition)","Total","Less than 18 years","First time applicant","Person",":",""
"2009","Spain","Extra-EU28 (current composition)","Total","Less than 18 years","Asylum applicant","Person","335",""
"2009","Spain","Extra-EU28 (current composition)","Total","Less than 18 years","First time applicant","Person",":",""
"2009","France","Extra-EU28 (current composition)","Total","Less than 18 years","Asylum applicant","Person","9,370",""
"2009","France","Extra-EU28 (current composition)","Total","Less than 18 years","First time applicant","Person","9,370",""
"2009","Croatia","Extra-EU28 (current composition)","Total","Less than 18 years","Asylum applicant","Person",":",""
"2009","Croatia","Extra-EU28 (current composition)","Total","Less than 18 years","First time applicant","Person",":",""
"2009","Italy","Extra-EU28 (current composition)","Total","Less than 18 years","Asylum applicant","Person","1,250",""
"2009","Italy","Extra-EU28 (current composition)","Total","Less than 18 years","First time applicant","Person","1,250",""
"2009","Cyprus","Extra-EU28 (current composition)","Total","Less than 18 years","Asylum applicant","Person","390",""
"2009","Cyprus","Extra-EU28 (current composition)","Total","Less than 18 years","First time applicant","Person","390",""
"2009","Latvia","Extra-EU28 (current composition)","Total","Less than 18 years","Asylum applicant","Person","20",""
"2009","Latvia","Extra-EU28 (current composition)","Total","Less than 18 years","First time applicant","Person","20",""
"2009","Lithuania","Extra-EU28 (current composition)","Total","Less than 18 years","Asylum applicant","Person","105",""
"2009","Lithuania","Extra-EU28 (current composition)","Total","Less than 18 years","First time applicant","Person","20",""
"2009","Luxembourg","Extra-EU28 (current composition)","Total","Less than 18 years","Asylum applicant","Person","115",""
"2009","Luxembourg","Extra-EU28 (current composition)","Total","Less than 18 years","First time applicant","Person",":",""
"2009","Hungary","Extra-EU28 (current composition)","Total","Less than 18 years","Asylum applicant","Person","1,460",""
"2009","Hungary","Extra-EU28 (current composition)","Total","Less than 18 years","First time applicant","Person",":",""
"2009","Malta","Extra-EU28 (current composition)","Total","Less than 18 years","Asylum applicant","Person","205",""
"2009","Malta","Extra-EU28 (current composition)","Total","Less than 18 years","First time applicant","Person","345",""
"2009","Netherlands","Extra-EU28 (current composition)","Total","Less than 18 years","Asylum applicant","Person","4,825",""
"2009","Netherlands","Extra-EU28 (current composition)","Total","Less than 18 years","First time applicant","Person","4,600",""
"2009","Austria","Extra-EU28 (current composition)","Total","Less than 18 years","Asylum applicant","Person","5,755",""
"2009","Austria","Extra-EU28 (current composition)","Total","Less than 18 years","First time applicant","Person",":",""
"2009","Poland","Extra-EU28 (current composition)","Total","Less than 18 years","Asylum applicant","Person","3,680",""
"2009","Poland","Extra-EU28 (current composition)","Total","Less than 18 years","First time applicant","Person","3,295",""
"2009","Portugal","Extra-EU28 (current composition)","Total","Less than 18 years","Asylum applicant","Person","20",""
"2009","Portugal","Extra-EU28 (current composition)","Total","Less than 18 years","First time applicant","Person","20",""
"2009","Romania","Extra-EU28 (current composition)","Total","Less than 18 years","Asylum applicant","Person","95",""
"2009","Romania","Extra-EU28 (current composition)","Total","Less than 18 years","First time applicant","Person",":",""
"2009","Slovenia","Extra-EU28 (current composition)","Total","Less than 18 years","Asylum applicant","Person","55",""
"2009","Slovenia","Extra-EU28 (current composition)","Total","Less than 18 years","First time applicant","Person","50",""
"2009","Slovakia","Extra-EU28 (current composition)","Total","Less than 18 years","Asylum applicant","Person","80",""
"2009","Slovakia","Extra-EU28 (current composition)","Total","Less than 18 years","First time applicant","Person",":",""
"2009","Finland","Extra-EU28 (current composition)","Total","Less than 18 years","Asylum applicant","Person","1,120",""
"2009","Finland","Extra-EU28 (current composition)","Total","Less than 18 years","First time applicant","Person",":",""
"2009","Sweden","Extra-EU28 (current composition)","Total","Less than 18 years","Asylum applicant","Person","6,670",""
"2009","Sweden","Extra-EU28 (current composition)","Total","Less than 18 years","First time applicant","Person","6,595",""
"2009","United Kingdom","Extra-EU28 (current composition)","Total","Less than 18 years","Asylum applicant","Person","7,385",""
"2009","United Kingdom","Extra-EU28 (current composition)","Total","Less than 18 years","First time applicant","Person","7,165",""
"2009","Iceland","Extra-EU28 (current composition)","Total","Less than 18 years","Asylum applicant","Person","5",""
"2009","Iceland","Extra-EU28 (current composition)","Total","Less than 18 years","First time applicant","Person",":",""
"2009","Liechtenstein","Extra-EU28 (current composition)","Total","Less than 18 years","Asylum applicant","Person","30",""
"2009","Liechtenstein","Extra-EU28 (current composition)","Total","Less than 18 years","First time applicant","Person",":",""
"2009","Norway","Extra-EU28 (current composition)","Total","Less than 18 years","Asylum applicant","Person","4,950",""
"2009","Norway","Extra-EU28 (current composition)","Total","Less than 18 years","First time applicant","Person","4,450",""
"2009","Switzerland","Extra-EU28 (current composition)","Total","Less than 18 years","Asylum applicant","Person","4,095",""
"2009","Switzerland","Extra-EU28 (current composition)","Total","Less than 18 years","First time applicant","Person","3,880",""
"2009","Total","Extra-EU28 (current composition)","Total","Less than 18 years","Asylum applicant","Person","71,775",""
"2009","Total","Extra-EU28 (current composition)","Total","Less than 18 years","First time applicant","Person","57,900",""
"2010","European Union (current composition)","Extra-EU28 (current composition)","Total","Less than 18 years","Asylum applicant","Person","71,450",""
"2010","European Union (current composition)","Extra-EU28 (current composition)","Total","Less than 18 years","First time applicant","Person","61,005",""
"2010","Belgium","Extra-EU28 (current composition)","Total","Less than 18 years","Asylum applicant","Person","8,100",""
"2010","Belgium","Extra-EU28 (current composition)","Total","Less than 18 years","First time applicant","Person","6,810",""
"2010","Bulgaria","Extra-EU28 (current composition)","Total","Less than 18 years","Asylum applicant","Person","115",""
"2010","Bulgaria","Extra-EU28 (current composition)","Total","Less than 18 years","First time applicant","Person",":",""
"2010","Czechia","Extra-EU28 (current composition)","Total","Less than 18 years","Asylum applicant","Person","160",""
"2010","Czechia","Extra-EU28 (current composition)","Total","Less than 18 years","First time applicant","Person","85",""
"2010","Denmark","Extra-EU28 (current composition)","Total","Less than 18 years","Asylum applicant","Person","1,490",""
"2010","Denmark","Extra-EU28 (current composition)","Total","Less than 18 years","First time applicant","Person","1,490",""
"2010","Germany (until 1990 former territory of the FRG)","Extra-EU28 (current composition)","Total","Less than 18 years","Asylum applicant","Person","16,690",""
"2010","Germany (until 1990 former territory of the FRG)","Extra-EU28 (current composition)","Total","Less than 18 years","First time applicant","Person","15,425",""
"2010","Estonia","Extra-EU28 (current composition)","Total","Less than 18 years","Asylum applicant","Person","5",""
"2010","Estonia","Extra-EU28 (current composition)","Total","Less than 18 years","First time applicant","Person","5",""
"2010","Ireland","Extra-EU28 (current composition)","Total","Less than 18 years","Asylum applicant","Person","570",""
"2010","Ireland","Extra-EU28 (current composition)","Total","Less than 18 years","First time applicant","Person","565",""
"2010","Greece","Extra-EU28 (current composition)","Total","Less than 18 years","Asylum applicant","Person","465",""
"2010","Greece","Extra-EU28 (current composition)","Total","Less than 18 years","First time applicant","Person",":",""
"2010","Spain","Extra-EU28 (current composition)","Total","Less than 18 years","Asylum applicant","Person","385",""
"2010","Spain","Extra-EU28 (current composition)","Total","Less than 18 years","First time applicant","Person","375",""
"2010","France","Extra-EU28 (current composition)","Total","Less than 18 years","Asylum applicant","Person","11,550",""
"2010","France","Extra-EU28 (current composition)","Total","Less than 18 years","First time applicant","Person","11,545",""
"2010","Croatia","Extra-EU28 (current composition)","Total","Less than 18 years","Asylum applicant","Person",":",""
"2010","Croatia","Extra-EU28 (current composition)","Total","Less than 18 years","First time applicant","Person",":",""
"2010","Italy","Extra-EU28 (current composition)","Total","Less than 18 years","Asylum applicant","Person","2,080",""
"2010","Italy","Extra-EU28 (current composition)","Total","Less than 18 years","First time applicant","Person","2,080",""
"2010","Cyprus","Extra-EU28 (current composition)","Total","Less than 18 years","Asylum applicant","Person","260",""
"2010","Cyprus","Extra-EU28 (current composition)","Total","Less than 18 years","First time applicant","Person","270",""
"2010","Latvia","Extra-EU28 (current composition)","Total","Less than 18 years","Asylum applicant","Person","15",""
"2010","Latvia","Extra-EU28 (current composition)","Total","Less than 18 years","First time applicant","Person","15",""
"2010","Lithuania","Extra-EU28 (current composition)","Total","Less than 18 years","Asylum applicant","Person","90",""
"2010","Lithuania","Extra-EU28 (current composition)","Total","Less than 18 years","First time applicant","Person","60",""
"2010","Luxembourg","Extra-EU28 (current composition)","Total","Less than 18 years","Asylum applicant","Person","205",""
"2010","Luxembourg","Extra-EU28 (current composition)","Total","Less than 18 years","First time applicant","Person",":",""
"2010","Hungary","Extra-EU28 (current composition)","Total","Less than 18 years","Asylum applicant","Person","465",""
"2010","Hungary","Extra-EU28 (current composition)","Total","Less than 18 years","First time applicant","Person",":",""
"2010","Malta","Extra-EU28 (current composition)","Total","Less than 18 years","Asylum applicant","Person","85",""
"2010","Malta","Extra-EU28 (current composition)","Total","Less than 18 years","First time applicant","Person","25",""
"2010","Netherlands","Extra-EU28 (current composition)","Total","Less than 18 years","Asylum applicant","Person","5,420",""
"2010","Netherlands","Extra-EU28 (current composition)","Total","Less than 18 years","First time applicant","Person","5,090",""
"2010","Austria","Extra-EU28 (current composition)","Total","Less than 18 years","Asylum applicant","Person","4,110",""
"2010","Austria","Extra-EU28 (current composition)","Total","Less than 18 years","First time applicant","Person",":",""
"2010","Poland","Extra-EU28 (current composition)","Total","Less than 18 years","Asylum applicant","Person","2,630",""
"2010","Poland","Extra-EU28 (current composition)","Total","Less than 18 years","First time applicant","Person","1,735",""
"2010","Portugal","Extra-EU28 (current composition)","Total","Less than 18 years","Asylum applicant","Person","25",""
"2010","Portugal","Extra-EU28 (current composition)","Total","Less than 18 years","First time applicant","Person","25",""
"2010","Romania","Extra-EU28 (current composition)","Total","Less than 18 years","Asylum applicant","Person","105",""
"2010","Romania","Extra-EU28 (current composition)","Total","Less than 18 years","First time applicant","Person",":",""
"2010","Slovenia","Extra-EU28 (current composition)","Total","Less than 18 years","Asylum applicant","Person","65",""
"2010","Slovenia","Extra-EU28 (current composition)","Total","Less than 18 years","First time applicant","Person","50",""
"2010","Slovakia","Extra-EU28 (current composition)","Total","Less than 18 years","Asylum applicant","Person","55",""
"2010","Slovakia","Extra-EU28 (current composition)","Total","Less than 18 years","First time applicant","Person","40",""
"2010","Finland","Extra-EU28 (current composition)","Total","Less than 18 years","Asylum applicant","Person","745",""
"2010","Finland","Extra-EU28 (current composition)","Total","Less than 18 years","First time applicant","Person",":",""
"2010","Sweden","Extra-EU28 (current composition)","Total","Less than 18 years","Asylum applicant","Person","10,605",""
"2010","Sweden","Extra-EU28 (current composition)","Total","Less than 18 years","First time applicant","Person","10,590",""
"2010","United Kingdom","Extra-EU28 (current composition)","Total","Less than 18 years","Asylum applicant","Person","4,955",""
"2010","United Kingdom","Extra-EU28 (current composition)","Total","Less than 18 years","First time applicant","Person","4,725",""
"2010","Iceland","Extra-EU28 (current composition)","Total","Less than 18 years","Asylum applicant","Person","5",""
"2010","Iceland","Extra-EU28 (current composition)","Total","Less than 18 years","First time applicant","Person",":",""
"2010","Liechtenstein","Extra-EU28 (current composition)","Total","Less than 18 years","Asylum applicant","Person","30",""
"2010","Liechtenstein","Extra-EU28 (current composition)","Total","Less than 18 years","First time applicant","Person",":",""
"2010","Norway","Extra-EU28 (current composition)","Total","Less than 18 years","Asylum applicant","Person","2,880",""
"2010","Norway","Extra-EU28 (current composition)","Total","Less than 18 years","First time applicant","Person","2,470",""
"2010","Switzerland","Extra-EU28 (current composition)","Total","Less than 18 years","Asylum applicant","Person","4,140",""
"2010","Switzerland","Extra-EU28 (current composition)","Total","Less than 18 years","First time applicant","Person","3,920",""
"2010","Total","Extra-EU28 (current composition)","Total","Less than 18 years","Asylum applicant","Person","78,505",""
"2010","Total","Extra-EU28 (current composition)","Total","Less than 18 years","First time applicant","Person","67,390",""
"2011","European Union (current composition)","Extra-EU28 (current composition)","Total","Less than 18 years","Asylum applicant","Person","75,915","d"
"2011","European Union (current composition)","Extra-EU28 (current composition)","Total","Less than 18 years","First time applicant","Person","64,325","d"
"2011","Belgium","Extra-EU28 (current composition)","Total","Less than 18 years","Asylum applicant","Person","9,550",""
"2011","Belgium","Extra-EU28 (current composition)","Total","Less than 18 years","First time applicant","Person","7,560",""
"2011","Bulgaria","Extra-EU28 (current composition)","Total","Less than 18 years","Asylum applicant","Person","140",""
"2011","Bulgaria","Extra-EU28 (current composition)","Total","Less than 18 years","First time applicant","Person","135",""
"2011","Czechia","Extra-EU28 (current composition)","Total","Less than 18 years","Asylum applicant","Person","130",""
"2011","Czechia","Extra-EU28 (current composition)","Total","Less than 18 years","First time applicant","Person","95",""
"2011","Denmark","Extra-EU28 (current composition)","Total","Less than 18 years","Asylum applicant","Person","1,110",""
"2011","Denmark","Extra-EU28 (current composition)","Total","Less than 18 years","First time applicant","Person","1,110",""
"2011","Germany (until 1990 former territory of the FRG)","Extra-EU28 (current composition)","Total","Less than 18 years","Asylum applicant","Person","18,340",""
"2011","Germany (until 1990 former territory of the FRG)","Extra-EU28 (current composition)","Total","Less than 18 years","First time applicant","Person","16,610",""
"2011","Estonia","Extra-EU28 (current composition)","Total","Less than 18 years","Asylum applicant","Person","0",""
"2011","Estonia","Extra-EU28 (current composition)","Total","Less than 18 years","First time applicant","Person","5",""
"2011","Ireland","Extra-EU28 (current composition)","Total","Less than 18 years","Asylum applicant","Person","385",""
"2011","Ireland","Extra-EU28 (current composition)","Total","Less than 18 years","First time applicant","Person","385",""
"2011","Greece","Extra-EU28 (current composition)","Total","Less than 18 years","Asylum applicant","Person","555",""
"2011","Greece","Extra-EU28 (current composition)","Total","Less than 18 years","First time applicant","Person","555",""
"2011","Spain","Extra-EU28 (current composition)","Total","Less than 18 years","Asylum applicant","Person","455",""
"2011","Spain","Extra-EU28 (current composition)","Total","Less than 18 years","First time applicant","Person","440",""
"2011","France","Extra-EU28 (current composition)","Total","Less than 18 years","Asylum applicant","Person","12,165",""
"2011","France","Extra-EU28 (current composition)","Total","Less than 18 years","First time applicant","Person","12,165",""
"2011","Croatia","Extra-EU28 (current composition)","Total","Less than 18 years","Asylum applicant","Person",":",""
"2011","Croatia","Extra-EU28 (current composition)","Total","Less than 18 years","First time applicant","Person",":",""
"2011","Italy","Extra-EU28 (current composition)","Total","Less than 18 years","Asylum applicant","Person","3,115",""
"2011","Italy","Extra-EU28 (current composition)","Total","Less than 18 years","First time applicant","Person","3,105",""
"2011","Cyprus","Extra-EU28 (current composition)","Total","Less than 18 years","Asylum applicant","Person","125",""
"2011","Cyprus","Extra-EU28 (current composition)","Total","Less than 18 years","First time applicant","Person","125",""
"2011","Latvia","Extra-EU28 (current composition)","Total","Less than 18 years","Asylum applicant","Person","50",""
"2011","Latvia","Extra-EU28 (current composition)","Total","Less than 18 years","First time applicant","Person","50",""
"2011","Lithuania","Extra-EU28 (current composition)","Total","Less than 18 years","Asylum applicant","Person","90",""
"2011","Lithuania","Extra-EU28 (current composition)","Total","Less than 18 years","First time applicant","Person","70",""
"2011","Luxembourg","Extra-EU28 (current composition)","Total","Less than 18 years","Asylum applicant","Person","845",""
"2011","Luxembourg","Extra-EU28 (current composition)","Total","Less than 18 years","First time applicant","Person","760",""
"2011","Hungary","Extra-EU28 (current composition)","Total","Less than 18 years","Asylum applicant","Person","455",""
"2011","Hungary","Extra-EU28 (current composition)","Total","Less than 18 years","First time applicant","Person",":",""
"2011","Malta","Extra-EU28 (current composition)","Total","Less than 18 years","Asylum applicant","Person","170",""
"2011","Malta","Extra-EU28 (current composition)","Total","Less than 18 years","First time applicant","Person","170",""
"2011","Netherlands","Extra-EU28 (current composition)","Total","Less than 18 years","Asylum applicant","Person","4,070",""
"2011","Netherlands","Extra-EU28 (current composition)","Total","Less than 18 years","First time applicant","Person","3,560",""
"2011","Austria","Extra-EU28 (current composition)","Total","Less than 18 years","Asylum applicant","Person","4,925",""
"2011","Austria","Extra-EU28 (current composition)","Total","Less than 18 years","First time applicant","Person",":",""
"2011","Poland","Extra-EU28 (current composition)","Total","Less than 18 years","Asylum applicant","Person","2,775",""
"2011","Poland","Extra-EU28 (current composition)","Total","Less than 18 years","First time applicant","Person","1,955",""
"2011","Portugal","Extra-EU28 (current composition)","Total","Less than 18 years","Asylum applicant","Person","55",""
"2011","Portugal","Extra-EU28 (current composition)","Total","Less than 18 years","First time applicant","Person","55",""
"2011","Romania","Extra-EU28 (current composition)","Total","Less than 18 years","Asylum applicant","Person","105",""
"2011","Romania","Extra-EU28 (current composition)","Total","Less than 18 years","First time applicant","Person","100",""
"2011","Slovenia","Extra-EU28 (current composition)","Total","Less than 18 years","Asylum applicant","Person","105",""
"2011","Slovenia","Extra-EU28 (current composition)","Total","Less than 18 years","First time applicant","Person","90",""
"2011","Slovakia","Extra-EU28 (current composition)","Total","Less than 18 years","Asylum applicant","Person","70",""
"2011","Slovakia","Extra-EU28 (current composition)","Total","Less than 18 years","First time applicant","Person","50",""
"2011","Finland","Extra-EU28 (current composition)","Total","Less than 18 years","Asylum applicant","Person","750",""
"2011","Finland","Extra-EU28 (current composition)","Total","Less than 18 years","First time applicant","Person",":",""
"2011","Sweden","Extra-EU28 (current composition)","Total","Less than 18 years","Asylum applicant","Person","9,765",""
"2011","Sweden","Extra-EU28 (current composition)","Total","Less than 18 years","First time applicant","Person","9,765",""
"2011","United Kingdom","Extra-EU28 (current composition)","Total","Less than 18 years","Asylum applicant","Person","5,605",""
"2011","United Kingdom","Extra-EU28 (current composition)","Total","Less than 18 years","First time applicant","Person","5,420",""
"2011","Iceland","Extra-EU28 (current composition)","Total","Less than 18 years","Asylum applicant","Person","10",""
"2011","Iceland","Extra-EU28 (current composition)","Total","Less than 18 years","First time applicant","Person",":",""
"2011","Liechtenstein","Extra-EU28 (current composition)","Total","Less than 18 years","Asylum applicant","Person","20",""
"2011","Liechtenstein","Extra-EU28 (current composition)","Total","Less than 18 years","First time applicant","Person",":",""
"2011","Norway","Extra-EU28 (current composition)","Total","Less than 18 years","Asylum applicant","Person","2,330",""
"2011","Norway","Extra-EU28 (current composition)","Total","Less than 18 years","First time applicant","Person","2,215",""
"2011","Switzerland","Extra-EU28 (current composition)","Total","Less than 18 years","Asylum applicant","Person","5,605",""
"2011","Switzerland","Extra-EU28 (current composition)","Total","Less than 18 years","First time applicant","Person","4,980",""
"2011","Total","Extra-EU28 (current composition)","Total","Less than 18 years","Asylum applicant","Person","83,880","d"
"2011","Total","Extra-EU28 (current composition)","Total","Less than 18 years","First time applicant","Person","71,515","d"
"2012","European Union (current composition)","Extra-EU28 (current composition)","Total","Less than 18 years","Asylum applicant","Person","92,450",""
"2012","European Union (current composition)","Extra-EU28 (current composition)","Total","Less than 18 years","First time applicant","Person","76,570",""
"2012","Belgium","Extra-EU28 (current composition)","Total","Less than 18 years","Asylum applicant","Person","8,050",""
"2012","Belgium","Extra-EU28 (current composition)","Total","Less than 18 years","First time applicant","Person","4,905",""
"2012","Bulgaria","Extra-EU28 (current composition)","Total","Less than 18 years","Asylum applicant","Person","270",""
"2012","Bulgaria","Extra-EU28 (current composition)","Total","Less than 18 years","First time applicant","Person","255",""
"2012","Czechia","Extra-EU28 (current composition)","Total","Less than 18 years","Asylum applicant","Person","145",""
"2012","Czechia","Extra-EU28 (current composition)","Total","Less than 18 years","First time applicant","Person","120",""
"2012","Denmark","Extra-EU28 (current composition)","Total","Less than 18 years","Asylum applicant","Person","1,595",""
"2012","Denmark","Extra-EU28 (current composition)","Total","Less than 18 years","First time applicant","Person","1,595",""
"2012","Germany (until 1990 former territory of the FRG)","Extra-EU28 (current composition)","Total","Less than 18 years","Asylum applicant","Person","27,865",""
"2012","Germany (until 1990 former territory of the FRG)","Extra-EU28 (current composition)","Total","Less than 18 years","First time applicant","Person","24,330",""
"2012","Estonia","Extra-EU28 (current composition)","Total","Less than 18 years","Asylum applicant","Person","10",""
"2012","Estonia","Extra-EU28 (current composition)","Total","Less than 18 years","First time applicant","Person","10",""
"2012","Ireland","Extra-EU28 (current composition)","Total","Less than 18 years","Asylum applicant","Person","280",""
"2012","Ireland","Extra-EU28 (current composition)","Total","Less than 18 years","First time applicant","Person","275",""
"2012","Greece","Extra-EU28 (current composition)","Total","Less than 18 years","Asylum applicant","Person","515",""
"2012","Greece","Extra-EU28 (current composition)","Total","Less than 18 years","First time applicant","Person","515",""
"2012","Spain","Extra-EU28 (current composition)","Total","Less than 18 years","Asylum applicant","Person","455",""
"2012","Spain","Extra-EU28 (current composition)","Total","Less than 18 years","First time applicant","Person","435",""
"2012","France","Extra-EU28 (current composition)","Total","Less than 18 years","Asylum applicant","Person","14,350",""
"2012","France","Extra-EU28 (current composition)","Total","Less than 18 years","First time applicant","Person","13,415",""
"2012","Croatia","Extra-EU28 (current composition)","Total","Less than 18 years","Asylum applicant","Person",":",""
"2012","Croatia","Extra-EU28 (current composition)","Total","Less than 18 years","First time applicant","Person",":",""
"2012","Italy","Extra-EU28 (current composition)","Total","Less than 18 years","Asylum applicant","Person","2,060",""
"2012","Italy","Extra-EU28 (current composition)","Total","Less than 18 years","First time applicant","Person","2,020",""
"2012","Cyprus","Extra-EU28 (current composition)","Total","Less than 18 years","Asylum applicant","Person","200",""
"2012","Cyprus","Extra-EU28 (current composition)","Total","Less than 18 years","First time applicant","Person","205",""
"2012","Latvia","Extra-EU28 (current composition)","Total","Less than 18 years","Asylum applicant","Person","35",""
"2012","Latvia","Extra-EU28 (current composition)","Total","Less than 18 years","First time applicant","Person","25",""
"2012","Lithuania","Extra-EU28 (current composition)","Total","Less than 18 years","Asylum applicant","Person","85",""
"2012","Lithuania","Extra-EU28 (current composition)","Total","Less than 18 years","First time applicant","Person","70",""
"2012","Luxembourg","Extra-EU28 (current composition)","Total","Less than 18 years","Asylum applicant","Person","705",""
"2012","Luxembourg","Extra-EU28 (current composition)","Total","Less than 18 years","First time applicant","Person","770",""
"2012","Hungary","Extra-EU28 (current composition)","Total","Less than 18 years","Asylum applicant","Person","635",""
"2012","Hungary","Extra-EU28 (current composition)","Total","Less than 18 years","First time applicant","Person",":",""
"2012","Malta","Extra-EU28 (current composition)","Total","Less than 18 years","Asylum applicant","Person","240",""
"2012","Malta","Extra-EU28 (current composition)","Total","Less than 18 years","First time applicant","Person","240",""
"2012","Netherlands","Extra-EU28 (current composition)","Total","Less than 18 years","Asylum applicant","Person","3,445",""
"2012","Netherlands","Extra-EU28 (current composition)","Total","Less than 18 years","First time applicant","Person","2,835",""
"2012","Austria","Extra-EU28 (current composition)","Total","Less than 18 years","Asylum applicant","Person","6,005",""
"2012","Austria","Extra-EU28 (current composition)","Total","Less than 18 years","First time applicant","Person",":",""
"2012","Poland","Extra-EU28 (current composition)","Total","Less than 18 years","Asylum applicant","Person","4,290",""
"2012","Poland","Extra-EU28 (current composition)","Total","Less than 18 years","First time applicant","Person","3,550",""
"2012","Portugal","Extra-EU28 (current composition)","Total","Less than 18 years","Asylum applicant","Person","55",""
"2012","Portugal","Extra-EU28 (current composition)","Total","Less than 18 years","First time applicant","Person","55",""
"2012","Romania","Extra-EU28 (current composition)","Total","Less than 18 years","Asylum applicant","Person","240",""
"2012","Romania","Extra-EU28 (current composition)","Total","Less than 18 years","First time applicant","Person","235",""
"2012","Slovenia","Extra-EU28 (current composition)","Total","Less than 18 years","Asylum applicant","Person","95",""
"2012","Slovenia","Extra-EU28 (current composition)","Total","Less than 18 years","First time applicant","Person","85",""
"2012","Slovakia","Extra-EU28 (current composition)","Total","Less than 18 years","Asylum applicant","Person","95",""
"2012","Slovakia","Extra-EU28 (current composition)","Total","Less than 18 years","First time applicant","Person","75",""
"2012","Finland","Extra-EU28 (current composition)","Total","Less than 18 years","Asylum applicant","Person","795",""
"2012","Finland","Extra-EU28 (current composition)","Total","Less than 18 years","First time applicant","Person","775",""
"2012","Sweden","Extra-EU28 (current composition)","Total","Less than 18 years","Asylum applicant","Person","14,335",""
"2012","Sweden","Extra-EU28 (current composition)","Total","Less than 18 years","First time applicant","Person","14,330",""
"2012","United Kingdom","Extra-EU28 (current composition)","Total","Less than 18 years","Asylum applicant","Person","5,610",""
"2012","United Kingdom","Extra-EU28 (current composition)","Total","Less than 18 years","First time applicant","Person","5,445",""
"2012","Iceland","Extra-EU28 (current composition)","Total","Less than 18 years","Asylum applicant","Person","20",""
"2012","Iceland","Extra-EU28 (current composition)","Total","Less than 18 years","First time applicant","Person",":",""
"2012","Liechtenstein","Extra-EU28 (current composition)","Total","Less than 18 years","Asylum applicant","Person","15",""
"2012","Liechtenstein","Extra-EU28 (current composition)","Total","Less than 18 years","First time applicant","Person",":",""
"2012","Norway","Extra-EU28 (current composition)","Total","Less than 18 years","Asylum applicant","Person","2,475",""
"2012","Norway","Extra-EU28 (current composition)","Total","Less than 18 years","First time applicant","Person","2,335",""
"2012","Switzerland","Extra-EU28 (current composition)","Total","Less than 18 years","Asylum applicant","Person","7,235",""
"2012","Switzerland","Extra-EU28 (current composition)","Total","Less than 18 years","First time applicant","Person","6,865",""
"2012","Total","Extra-EU28 (current composition)","Total","Less than 18 years","Asylum applicant","Person","102,200",""
"2012","Total","Extra-EU28 (current composition)","Total","Less than 18 years","First time applicant","Person","85,770",""
"2013","European Union (current composition)","Extra-EU28 (current composition)","Total","Less than 18 years","Asylum applicant","Person","116,825",""
"2013","European Union (current composition)","Extra-EU28 (current composition)","Total","Less than 18 years","First time applicant","Person","99,745",""
"2013","Belgium","Extra-EU28 (current composition)","Total","Less than 18 years","Asylum applicant","Person","6,140",""
"2013","Belgium","Extra-EU28 (current composition)","Total","Less than 18 years","First time applicant","Person","3,175",""
"2013","Bulgaria","Extra-EU28 (current composition)","Total","Less than 18 years","Asylum applicant","Person","2,265",""
"2013","Bulgaria","Extra-EU28 (current composition)","Total","Less than 18 years","First time applicant","Person","2,195",""
"2013","Czechia","Extra-EU28 (current composition)","Total","Less than 18 years","Asylum applicant","Person","130",""
"2013","Czechia","Extra-EU28 (current composition)","Total","Less than 18 years","First time applicant","Person","110",""
"2013","Denmark","Extra-EU28 (current composition)","Total","Less than 18 years","Asylum applicant","Person","2,060",""
"2013","Denmark","Extra-EU28 (current composition)","Total","Less than 18 years","First time applicant","Person","2,060",""
"2013","Germany (until 1990 former territory of the FRG)","Extra-EU28 (current composition)","Total","Less than 18 years","Asylum applicant","Person","43,960",""
"2013","Germany (until 1990 former territory of the FRG)","Extra-EU28 (current composition)","Total","Less than 18 years","First time applicant","Person","38,700",""
"2013","Estonia","Extra-EU28 (current composition)","Total","Less than 18 years","Asylum applicant","Person","10",""
"2013","Estonia","Extra-EU28 (current composition)","Total","Less than 18 years","First time applicant","Person","10",""
"2013","Ireland","Extra-EU28 (current composition)","Total","Less than 18 years","Asylum applicant","Person","260",""
"2013","Ireland","Extra-EU28 (current composition)","Total","Less than 18 years","First time applicant","Person","260",""
"2013","Greece","Extra-EU28 (current composition)","Total","Less than 18 years","Asylum applicant","Person","1,045",""
"2013","Greece","Extra-EU28 (current composition)","Total","Less than 18 years","First time applicant","Person","1,015",""
"2013","Spain","Extra-EU28 (current composition)","Total","Less than 18 years","Asylum applicant","Person","530",""
"2013","Spain","Extra-EU28 (current composition)","Total","Less than 18 years","First time applicant","Person","520",""
"2013","France","Extra-EU28 (current composition)","Total","Less than 18 years","Asylum applicant","Person","14,875",""
"2013","France","Extra-EU28 (current composition)","Total","Less than 18 years","First time applicant","Person","14,870",""
"2013","Croatia","Extra-EU28 (current composition)","Total","Less than 18 years","Asylum applicant","Person","135",""
"2013","Croatia","Extra-EU28 (current composition)","Total","Less than 18 years","First time applicant","Person","135",""
"2013","Italy","Extra-EU28 (current composition)","Total","Less than 18 years","Asylum applicant","Person","2,215",""
"2013","Italy","Extra-EU28 (current composition)","Total","Less than 18 years","First time applicant","Person","2,185",""
"2013","Cyprus","Extra-EU28 (current composition)","Total","Less than 18 years","Asylum applicant","Person","270",""
"2013","Cyprus","Extra-EU28 (current composition)","Total","Less than 18 years","First time applicant","Person","265",""
"2013","Latvia","Extra-EU28 (current composition)","Total","Less than 18 years","Asylum applicant","Person","30",""
"2013","Latvia","Extra-EU28 (current composition)","Total","Less than 18 years","First time applicant","Person","25",""
"2013","Lithuania","Extra-EU28 (current composition)","Total","Less than 18 years","Asylum applicant","Person","60",""
"2013","Lithuania","Extra-EU28 (current composition)","Total","Less than 18 years","First time applicant","Person","30",""
"2013","Luxembourg","Extra-EU28 (current composition)","Total","Less than 18 years","Asylum applicant","Person","260",""
"2013","Luxembourg","Extra-EU28 (current composition)","Total","Less than 18 years","First time applicant","Person","230",""
"2013","Hungary","Extra-EU28 (current composition)","Total","Less than 18 years","Asylum applicant","Person","1,380",""
"2013","Hungary","Extra-EU28 (current composition)","Total","Less than 18 years","First time applicant","Person","1,375",""
"2013","Malta","Extra-EU28 (current composition)","Total","Less than 18 years","Asylum applicant","Person","550",""
"2013","Malta","Extra-EU28 (current composition)","Total","Less than 18 years","First time applicant","Person","545",""
"2013","Netherlands","Extra-EU28 (current composition)","Total","Less than 18 years","Asylum applicant","Person","3,390",""
"2013","Netherlands","Extra-EU28 (current composition)","Total","Less than 18 years","First time applicant","Person","2,790",""
"2013","Austria","Extra-EU28 (current composition)","Total","Less than 18 years","Asylum applicant","Person","5,715",""
"2013","Austria","Extra-EU28 (current composition)","Total","Less than 18 years","First time applicant","Person",":",""
"2013","Poland","Extra-EU28 (current composition)","Total","Less than 18 years","Asylum applicant","Person","7,560",""
"2013","Poland","Extra-EU28 (current composition)","Total","Less than 18 years","First time applicant","Person","6,975",""
"2013","Portugal","Extra-EU28 (current composition)","Total","Less than 18 years","Asylum applicant","Person","145",""
"2013","Portugal","Extra-EU28 (current composition)","Total","Less than 18 years","First time applicant","Person","145",""
"2013","Romania","Extra-EU28 (current composition)","Total","Less than 18 years","Asylum applicant","Person","395",""
"2013","Romania","Extra-EU28 (current composition)","Total","Less than 18 years","First time applicant","Person","375",""
"2013","Slovenia","Extra-EU28 (current composition)","Total","Less than 18 years","Asylum applicant","Person","65",""
"2013","Slovenia","Extra-EU28 (current composition)","Total","Less than 18 years","First time applicant","Person","60",""
"2013","Slovakia","Extra-EU28 (current composition)","Total","Less than 18 years","Asylum applicant","Person","75",""
"2013","Slovakia","Extra-EU28 (current composition)","Total","Less than 18 years","First time applicant","Person","60",""
"2013","Finland","Extra-EU28 (current composition)","Total","Less than 18 years","Asylum applicant","Person","740",""
"2013","Finland","Extra-EU28 (current composition)","Total","Less than 18 years","First time applicant","Person","715",""
"2013","Sweden","Extra-EU28 (current composition)","Total","Less than 18 years","Asylum applicant","Person","16,660",""
"2013","Sweden","Extra-EU28 (current composition)","Total","Less than 18 years","First time applicant","Person","15,205",""
"2013","United Kingdom","Extra-EU28 (current composition)","Total","Less than 18 years","Asylum applicant","Person","5,900",""
"2013","United Kingdom","Extra-EU28 (current composition)","Total","Less than 18 years","First time applicant","Person","5,715",""
"2013","Iceland","Extra-EU28 (current composition)","Total","Less than 18 years","Asylum applicant","Person","25",""
"2013","Iceland","Extra-EU28 (current composition)","Total","Less than 18 years","First time applicant","Person",":",""
"2013","Liechtenstein","Extra-EU28 (current composition)","Total","Less than 18 years","Asylum applicant","Person","10",""
"2013","Liechtenstein","Extra-EU28 (current composition)","Total","Less than 18 years","First time applicant","Person",":",""
"2013","Norway","Extra-EU28 (current composition)","Total","Less than 18 years","Asylum applicant","Person","2,705",""
"2013","Norway","Extra-EU28 (current composition)","Total","Less than 18 years","First time applicant","Person","2,650",""
"2013","Switzerland","Extra-EU28 (current composition)","Total","Less than 18 years","Asylum applicant","Person","5,315",""
"2013","Switzerland","Extra-EU28 (current composition)","Total","Less than 18 years","First time applicant","Person","5,090",""
"2013","Total","Extra-EU28 (current composition)","Total","Less than 18 years","Asylum applicant","Person","124,875",""
"2013","Total","Extra-EU28 (current composition)","Total","Less than 18 years","First time applicant","Person","107,485",""
"2014","European Union (current composition)","Extra-EU28 (current composition)","Total","Less than 18 years","Asylum applicant","Person","160,145",""
"2014","European Union (current composition)","Extra-EU28 (current composition)","Total","Less than 18 years","First time applicant","Person","144,550",""
"2014","Belgium","Extra-EU28 (current composition)","Total","Less than 18 years","Asylum applicant","Person","6,660",""
"2014","Belgium","Extra-EU28 (current composition)","Total","Less than 18 years","First time applicant","Person","4,080",""
"2014","Bulgaria","Extra-EU28 (current composition)","Total","Less than 18 years","Asylum applicant","Person","3,345",""
"2014","Bulgaria","Extra-EU28 (current composition)","Total","Less than 18 years","First time applicant","Person","3,305",""
"2014","Czechia","Extra-EU28 (current composition)","Total","Less than 18 years","Asylum applicant","Person","230",""
"2014","Czechia","Extra-EU28 (current composition)","Total","Less than 18 years","First time applicant","Person","210",""
"2014","Denmark","Extra-EU28 (current composition)","Total","Less than 18 years","Asylum applicant","Person","3,030",""
"2014","Denmark","Extra-EU28 (current composition)","Total","Less than 18 years","First time applicant","Person","2,995",""
"2014","Germany (until 1990 former territory of the FRG)","Extra-EU28 (current composition)","Total","Less than 18 years","Asylum applicant","Person","64,005",""
"2014","Germany (until 1990 former territory of the FRG)","Extra-EU28 (current composition)","Total","Less than 18 years","First time applicant","Person","54,910",""
"2014","Estonia","Extra-EU28 (current composition)","Total","Less than 18 years","Asylum applicant","Person","15",""
"2014","Estonia","Extra-EU28 (current composition)","Total","Less than 18 years","First time applicant","Person","15",""
"2014","Ireland","Extra-EU28 (current composition)","Total","Less than 18 years","Asylum applicant","Person","260",""
"2014","Ireland","Extra-EU28 (current composition)","Total","Less than 18 years","First time applicant","Person","260",""
"2014","Greece","Extra-EU28 (current composition)","Total","Less than 18 years","Asylum applicant","Person","1,350",""
"2014","Greece","Extra-EU28 (current composition)","Total","Less than 18 years","First time applicant","Person","1,300",""
"2014","Spain","Extra-EU28 (current composition)","Total","Less than 18 years","Asylum applicant","Person","1,145",""
"2014","Spain","Extra-EU28 (current composition)","Total","Less than 18 years","First time applicant","Person","1,140",""
"2014","France","Extra-EU28 (current composition)","Total","Less than 18 years","Asylum applicant","Person","13,945",""
"2014","France","Extra-EU28 (current composition)","Total","Less than 18 years","First time applicant","Person","13,940",""
"2014","Croatia","Extra-EU28 (current composition)","Total","Less than 18 years","Asylum applicant","Person","15",""
"2014","Croatia","Extra-EU28 (current composition)","Total","Less than 18 years","First time applicant","Person","15",""
"2014","Italy","Extra-EU28 (current composition)","Total","Less than 18 years","Asylum applicant","Person","4,410",""
"2014","Italy","Extra-EU28 (current composition)","Total","Less than 18 years","First time applicant","Person","4,340",""
"2014","Cyprus","Extra-EU28 (current composition)","Total","Less than 18 years","Asylum applicant","Person","360",""
"2014","Cyprus","Extra-EU28 (current composition)","Total","Less than 18 years","First time applicant","Person","350",""
"2014","Latvia","Extra-EU28 (current composition)","Total","Less than 18 years","Asylum applicant","Person","60",""
"2014","Latvia","Extra-EU28 (current composition)","Total","Less than 18 years","First time applicant","Person","55",""
"2014","Lithuania","Extra-EU28 (current composition)","Total","Less than 18 years","Asylum applicant","Person","105",""
"2014","Lithuania","Extra-EU28 (current composition)","Total","Less than 18 years","First time applicant","Person","95",""
"2014","Luxembourg","Extra-EU28 (current composition)","Total","Less than 18 years","Asylum applicant","Person","355",""
"2014","Luxembourg","Extra-EU28 (current composition)","Total","Less than 18 years","First time applicant","Person","315",""
"2014","Hungary","Extra-EU28 (current composition)","Total","Less than 18 years","Asylum applicant","Person","11,835",""
"2014","Hungary","Extra-EU28 (current composition)","Total","Less than 18 years","First time applicant","Person","11,670",""
"2014","Malta","Extra-EU28 (current composition)","Total","Less than 18 years","Asylum applicant","Person","315",""
"2014","Malta","Extra-EU28 (current composition)","Total","Less than 18 years","First time applicant","Person","305",""
"2014","Netherlands","Extra-EU28 (current composition)","Total","Less than 18 years","Asylum applicant","Person","5,130",""
"2014","Netherlands","Extra-EU28 (current composition)","Total","Less than 18 years","First time applicant","Person","4,675",""
"2014","Austria","Extra-EU28 (current composition)","Total","Less than 18 years","Asylum applicant","Person","8,480",""
"2014","Austria","Extra-EU28 (current composition)","Total","Less than 18 years","First time applicant","Person","8,080",""
"2014","Poland","Extra-EU28 (current composition)","Total","Less than 18 years","Asylum applicant","Person","3,340",""
"2014","Poland","Extra-EU28 (current composition)","Total","Less than 18 years","First time applicant","Person","2,145",""
"2014","Portugal","Extra-EU28 (current composition)","Total","Less than 18 years","Asylum applicant","Person","75",""
"2014","Portugal","Extra-EU28 (current composition)","Total","Less than 18 years","First time applicant","Person","75",""
"2014","Romania","Extra-EU28 (current composition)","Total","Less than 18 years","Asylum applicant","Person","375",""
"2014","Romania","Extra-EU28 (current composition)","Total","Less than 18 years","First time applicant","Person","375",""
"2014","Slovenia","Extra-EU28 (current composition)","Total","Less than 18 years","Asylum applicant","Person","120",""
"2014","Slovenia","Extra-EU28 (current composition)","Total","Less than 18 years","First time applicant","Person","115",""
"2014","Slovakia","Extra-EU28 (current composition)","Total","Less than 18 years","Asylum applicant","Person","65",""
"2014","Slovakia","Extra-EU28 (current composition)","Total","Less than 18 years","First time applicant","Person","50",""
"2014","Finland","Extra-EU28 (current composition)","Total","Less than 18 years","Asylum applicant","Person","825",""
"2014","Finland","Extra-EU28 (current composition)","Total","Less than 18 years","First time applicant","Person","805",""
"2014","Sweden","Extra-EU28 (current composition)","Total","Less than 18 years","Asylum applicant","Person","23,265",""
"2014","Sweden","Extra-EU28 (current composition)","Total","Less than 18 years","First time applicant","Person","22,075",""
"2014","United Kingdom","Extra-EU28 (current composition)","Total","Less than 18 years","Asylum applicant","Person","7,030",""
"2014","United Kingdom","Extra-EU28 (current composition)","Total","Less than 18 years","First time applicant","Person","6,855",""
"2014","Iceland","Extra-EU28 (current composition)","Total","Less than 18 years","Asylum applicant","Person","30",""
"2014","Iceland","Extra-EU28 (current composition)","Total","Less than 18 years","First time applicant","Person",":",""
"2014","Liechtenstein","Extra-EU28 (current composition)","Total","Less than 18 years","Asylum applicant","Person","20",""
"2014","Liechtenstein","Extra-EU28 (current composition)","Total","Less than 18 years","First time applicant","Person",":",""
"2014","Norway","Extra-EU28 (current composition)","Total","Less than 18 years","Asylum applicant","Person","2,395",""
"2014","Norway","Extra-EU28 (current composition)","Total","Less than 18 years","First time applicant","Person","2,335",""
"2014","Switzerland","Extra-EU28 (current composition)","Total","Less than 18 years","Asylum applicant","Person","6,690",""
"2014","Switzerland","Extra-EU28 (current composition)","Total","Less than 18 years","First time applicant","Person","6,410",""
"2014","Total","Extra-EU28 (current composition)","Total","Less than 18 years","Asylum applicant","Person","169,275",""
"2014","Total","Extra-EU28 (current composition)","Total","Less than 18 years","First time applicant","Person","153,295",""
"2015","European Union (current composition)","Extra-EU28 (current composition)","Total","Less than 18 years","Asylum applicant","Person","384,945",""
"2015","European Union (current composition)","Extra-EU28 (current composition)","Total","Less than 18 years","First time applicant","Person","368,040",""
"2015","Belgium","Extra-EU28 (current composition)","Total","Less than 18 years","Asylum applicant","Person","13,630",""
"2015","Belgium","Extra-EU28 (current composition)","Total","Less than 18 years","First time applicant","Person","12,100",""
"2015","Bulgaria","Extra-EU28 (current composition)","Total","Less than 18 years","Asylum applicant","Person","5,495",""
"2015","Bulgaria","Extra-EU28 (current composition)","Total","Less than 18 years","First time applicant","Person","5,470",""
"2015","Czechia","Extra-EU28 (current composition)","Total","Less than 18 years","Asylum applicant","Person","270",""
"2015","Czechia","Extra-EU28 (current composition)","Total","Less than 18 years","First time applicant","Person","250",""
"2015","Denmark","Extra-EU28 (current composition)","Total","Less than 18 years","Asylum applicant","Person","6,320",""
"2015","Denmark","Extra-EU28 (current composition)","Total","Less than 18 years","First time applicant","Person","6,295",""
"2015","Germany (until 1990 former territory of the FRG)","Extra-EU28 (current composition)","Total","Less than 18 years","Asylum applicant","Person","148,170",""
"2015","Germany (until 1990 former territory of the FRG)","Extra-EU28 (current composition)","Total","Less than 18 years","First time applicant","Person","137,415",""
"2015","Estonia","Extra-EU28 (current composition)","Total","Less than 18 years","Asylum applicant","Person","70",""
"2015","Estonia","Extra-EU28 (current composition)","Total","Less than 18 years","First time applicant","Person","70",""
"2015","Ireland","Extra-EU28 (current composition)","Total","Less than 18 years","Asylum applicant","Person","385",""
"2015","Ireland","Extra-EU28 (current composition)","Total","Less than 18 years","First time applicant","Person","385",""
"2015","Greece","Extra-EU28 (current composition)","Total","Less than 18 years","Asylum applicant","Person","2,500",""
"2015","Greece","Extra-EU28 (current composition)","Total","Less than 18 years","First time applicant","Person","2,420",""
"2015","Spain","Extra-EU28 (current composition)","Total","Less than 18 years","Asylum applicant","Person","3,720",""
"2015","Spain","Extra-EU28 (current composition)","Total","Less than 18 years","First time applicant","Person","3,715",""
"2015","France","Extra-EU28 (current composition)","Total","Less than 18 years","Asylum applicant","Person","14,020",""
"2015","France","Extra-EU28 (current composition)","Total","Less than 18 years","First time applicant","Person","13,590",""
"2015","Croatia","Extra-EU28 (current composition)","Total","Less than 18 years","Asylum applicant","Person","20",""
"2015","Croatia","Extra-EU28 (current composition)","Total","Less than 18 years","First time applicant","Person","20",""
"2015","Italy","Extra-EU28 (current composition)","Total","Less than 18 years","Asylum applicant","Person","7,295",""
"2015","Italy","Extra-EU28 (current composition)","Total","Less than 18 years","First time applicant","Person","7,165",""
"2015","Cyprus","Extra-EU28 (current composition)","Total","Less than 18 years","Asylum applicant","Person","530",""
"2015","Cyprus","Extra-EU28 (current composition)","Total","Less than 18 years","First time applicant","Person","510",""
"2015","Latvia","Extra-EU28 (current composition)","Total","Less than 18 years","Asylum applicant","Person","85",""
"2015","Latvia","Extra-EU28 (current composition)","Total","Less than 18 years","First time applicant","Person","85",""
"2015","Lithuania","Extra-EU28 (current composition)","Total","Less than 18 years","Asylum applicant","Person","70",""
"2015","Lithuania","Extra-EU28 (current composition)","Total","Less than 18 years","First time applicant","Person","60",""
"2015","Luxembourg","Extra-EU28 (current composition)","Total","Less than 18 years","Asylum applicant","Person","780",""
"2015","Luxembourg","Extra-EU28 (current composition)","Total","Less than 18 years","First time applicant","Person","725",""
"2015","Hungary","Extra-EU28 (current composition)","Total","Less than 18 years","Asylum applicant","Person","45,895",""
"2015","Hungary","Extra-EU28 (current composition)","Total","Less than 18 years","First time applicant","Person","45,315",""
"2015","Malta","Extra-EU28 (current composition)","Total","Less than 18 years","Asylum applicant","Person","395",""
"2015","Malta","Extra-EU28 (current composition)","Total","Less than 18 years","First time applicant","Person","375",""
"2015","Netherlands","Extra-EU28 (current composition)","Total","Less than 18 years","Asylum applicant","Person","10,580",""
"2015","Netherlands","Extra-EU28 (current composition)","Total","Less than 18 years","First time applicant","Person","10,205",""
"2015","Austria","Extra-EU28 (current composition)","Total","Less than 18 years","Asylum applicant","Person","32,225",""
"2015","Austria","Extra-EU28 (current composition)","Total","Less than 18 years","First time applicant","Person","31,655",""
"2015","Poland","Extra-EU28 (current composition)","Total","Less than 18 years","Asylum applicant","Person","5,570",""
"2015","Poland","Extra-EU28 (current composition)","Total","Less than 18 years","First time applicant","Person","4,780",""
"2015","Portugal","Extra-EU28 (current composition)","Total","Less than 18 years","Asylum applicant","Person","145",""
"2015","Portugal","Extra-EU28 (current composition)","Total","Less than 18 years","First time applicant","Person","145",""
"2015","Romania","Extra-EU28 (current composition)","Total","Less than 18 years","Asylum applicant","Person","295",""
"2015","Romania","Extra-EU28 (current composition)","Total","Less than 18 years","First time applicant","Person","295",""
"2015","Slovenia","Extra-EU28 (current composition)","Total","Less than 18 years","Asylum applicant","Person","85",""
"2015","Slovenia","Extra-EU28 (current composition)","Total","Less than 18 years","First time applicant","Person","80",""
"2015","Slovakia","Extra-EU28 (current composition)","Total","Less than 18 years","Asylum applicant","Person","105",""
"2015","Slovakia","Extra-EU28 (current composition)","Total","Less than 18 years","First time applicant","Person","90",""
"2015","Finland","Extra-EU28 (current composition)","Total","Less than 18 years","Asylum applicant","Person","7,625",""
"2015","Finland","Extra-EU28 (current composition)","Total","Less than 18 years","First time applicant","Person","7,590",""
"2015","Sweden","Extra-EU28 (current composition)","Total","Less than 18 years","Asylum applicant","Person","70,385",""
"2015","Sweden","Extra-EU28 (current composition)","Total","Less than 18 years","First time applicant","Person","69,130",""
"2015","United Kingdom","Extra-EU28 (current composition)","Total","Less than 18 years","Asylum applicant","Person","8,280",""
"2015","United Kingdom","Extra-EU28 (current composition)","Total","Less than 18 years","First time applicant","Person","8,115",""
"2015","Iceland","Extra-EU28 (current composition)","Total","Less than 18 years","Asylum applicant","Person","90",""
"2015","Iceland","Extra-EU28 (current composition)","Total","Less than 18 years","First time applicant","Person",":",""
"2015","Liechtenstein","Extra-EU28 (current composition)","Total","Less than 18 years","Asylum applicant","Person","40",""
"2015","Liechtenstein","Extra-EU28 (current composition)","Total","Less than 18 years","First time applicant","Person",":",""
"2015","Norway","Extra-EU28 (current composition)","Total","Less than 18 years","Asylum applicant","Person","10,370",""
"2015","Norway","Extra-EU28 (current composition)","Total","Less than 18 years","First time applicant","Person","10,290",""
"2015","Switzerland","Extra-EU28 (current composition)","Total","Less than 18 years","Asylum applicant","Person","11,425",""
"2015","Switzerland","Extra-EU28 (current composition)","Total","Less than 18 years","First time applicant","Person","11,145",""
"2015","Total","Extra-EU28 (current composition)","Total","Less than 18 years","Asylum applicant","Person","406,870",""
"2015","Total","Extra-EU28 (current composition)","Total","Less than 18 years","First time applicant","Person","389,480",""
"2016","European Union (current composition)","Extra-EU28 (current composition)","Total","Less than 18 years","Asylum applicant","Person","398,255",""
"2016","European Union (current composition)","Extra-EU28 (current composition)","Total","Less than 18 years","First time applicant","Person","386,410",""
"2016","Belgium","Extra-EU28 (current composition)","Total","Less than 18 years","Asylum applicant","Person","5,690",""
"2016","Belgium","Extra-EU28 (current composition)","Total","Less than 18 years","First time applicant","Person","4,955",""
"2016","Bulgaria","Extra-EU28 (current composition)","Total","Less than 18 years","Asylum applicant","Person","6,575",""
"2016","Bulgaria","Extra-EU28 (current composition)","Total","Less than 18 years","First time applicant","Person","6,530",""
"2016","Czechia","Extra-EU28 (current composition)","Total","Less than 18 years","Asylum applicant","Person","275",""
"2016","Czechia","Extra-EU28 (current composition)","Total","Less than 18 years","First time applicant","Person","240",""
"2016","Denmark","Extra-EU28 (current composition)","Total","Less than 18 years","Asylum applicant","Person","2,410",""
"2016","Denmark","Extra-EU28 (current composition)","Total","Less than 18 years","First time applicant","Person","2,390",""
"2016","Germany (until 1990 former territory of the FRG)","Extra-EU28 (current composition)","Total","Less than 18 years","Asylum applicant","Person","268,195",""
"2016","Germany (until 1990 former territory of the FRG)","Extra-EU28 (current composition)","Total","Less than 18 years","First time applicant","Person","261,315",""
"2016","Estonia","Extra-EU28 (current composition)","Total","Less than 18 years","Asylum applicant","Person","65",""
"2016","Estonia","Extra-EU28 (current composition)","Total","Less than 18 years","First time applicant","Person","60",""
"2016","Ireland","Extra-EU28 (current composition)","Total","Less than 18 years","Asylum applicant","Person","580",""
"2016","Ireland","Extra-EU28 (current composition)","Total","Less than 18 years","First time applicant","Person","580",""
"2016","Greece","Extra-EU28 (current composition)","Total","Less than 18 years","Asylum applicant","Person","19,720",""
"2016","Greece","Extra-EU28 (current composition)","Total","Less than 18 years","First time applicant","Person","19,635",""
"2016","Spain","Extra-EU28 (current composition)","Total","Less than 18 years","Asylum applicant","Person","3,740",""
"2016","Spain","Extra-EU28 (current composition)","Total","Less than 18 years","First time applicant","Person","3,710",""
"2016","France","Extra-EU28 (current composition)","Total","Less than 18 years","Asylum applicant","Person","15,285",""
"2016","France","Extra-EU28 (current composition)","Total","Less than 18 years","First time applicant","Person","15,240",""
"2016","Croatia","Extra-EU28 (current composition)","Total","Less than 18 years","Asylum applicant","Person","465",""
"2016","Croatia","Extra-EU28 (current composition)","Total","Less than 18 years","First time applicant","Person","460",""
"2016","Italy","Extra-EU28 (current composition)","Total","Less than 18 years","Asylum applicant","Person","11,170",""
"2016","Italy","Extra-EU28 (current composition)","Total","Less than 18 years","First time applicant","Person","11,080",""
"2016","Cyprus","Extra-EU28 (current composition)","Total","Less than 18 years","Asylum applicant","Person","685",""
"2016","Cyprus","Extra-EU28 (current composition)","Total","Less than 18 years","First time applicant","Person","675",""
"2016","Latvia","Extra-EU28 (current composition)","Total","Less than 18 years","Asylum applicant","Person","125",""
"2016","Latvia","Extra-EU28 (current composition)","Total","Less than 18 years","First time applicant","Person","120",""
"2016","Lithuania","Extra-EU28 (current composition)","Total","Less than 18 years","Asylum applicant","Person","165",""
"2016","Lithuania","Extra-EU28 (current composition)","Total","Less than 18 years","First time applicant","Person","160",""
"2016","Luxembourg","Extra-EU28 (current composition)","Total","Less than 18 years","Asylum applicant","Person","625",""
"2016","Luxembourg","Extra-EU28 (current composition)","Total","Less than 18 years","First time applicant","Person","805",""
"2016","Hungary","Extra-EU28 (current composition)","Total","Less than 18 years","Asylum applicant","Person","8,550",""
"2016","Hungary","Extra-EU28 (current composition)","Total","Less than 18 years","First time applicant","Person","8,455",""
"2016","Malta","Extra-EU28 (current composition)","Total","Less than 18 years","Asylum applicant","Person","455",""
"2016","Malta","Extra-EU28 (current composition)","Total","Less than 18 years","First time applicant","Person","420",""
"2016","Netherlands","Extra-EU28 (current composition)","Total","Less than 18 years","Asylum applicant","Person","6,220",""
"2016","Netherlands","Extra-EU28 (current composition)","Total","Less than 18 years","First time applicant","Person","5,875",""
"2016","Austria","Extra-EU28 (current composition)","Total","Less than 18 years","Asylum applicant","Person","17,865",""
"2016","Austria","Extra-EU28 (current composition)","Total","Less than 18 years","First time applicant","Person","17,365",""
"2016","Poland","Extra-EU28 (current composition)","Total","Less than 18 years","Asylum applicant","Person","5,920",""
"2016","Poland","Extra-EU28 (current composition)","Total","Less than 18 years","First time applicant","Person","4,810",""
"2016","Portugal","Extra-EU28 (current composition)","Total","Less than 18 years","Asylum applicant","Person","360",""
"2016","Portugal","Extra-EU28 (current composition)","Total","Less than 18 years","First time applicant","Person","140",""
"2016","Romania","Extra-EU28 (current composition)","Total","Less than 18 years","Asylum applicant","Person","530",""
"2016","Romania","Extra-EU28 (current composition)","Total","Less than 18 years","First time applicant","Person","525",""
"2016","Slovenia","Extra-EU28 (current composition)","Total","Less than 18 years","Asylum applicant","Person","425",""
"2016","Slovenia","Extra-EU28 (current composition)","Total","Less than 18 years","First time applicant","Person","420",""
"2016","Slovakia","Extra-EU28 (current composition)","Total","Less than 18 years","Asylum applicant","Person","35",""
"2016","Slovakia","Extra-EU28 (current composition)","Total","Less than 18 years","First time applicant","Person","30",""
"2016","Finland","Extra-EU28 (current composition)","Total","Less than 18 years","Asylum applicant","Person","1,740",""
"2016","Finland","Extra-EU28 (current composition)","Total","Less than 18 years","First time applicant","Person","1,705",""
"2016","Sweden","Extra-EU28 (current composition)","Total","Less than 18 years","Asylum applicant","Person","10,875",""
"2016","Sweden","Extra-EU28 (current composition)","Total","Less than 18 years","First time applicant","Person","9,385",""
"2016","United Kingdom","Extra-EU28 (current composition)","Total","Less than 18 years","Asylum applicant","Person","9,505",""
"2016","United Kingdom","Extra-EU28 (current composition)","Total","Less than 18 years","First time applicant","Person","9,325",""
"2016","Iceland","Extra-EU28 (current composition)","Total","Less than 18 years","Asylum applicant","Person","275",""
"2016","Iceland","Extra-EU28 (current composition)","Total","Less than 18 years","First time applicant","Person","270",""
"2016","Liechtenstein","Extra-EU28 (current composition)","Total","Less than 18 years","Asylum applicant","Person","15",""
"2016","Liechtenstein","Extra-EU28 (current composition)","Total","Less than 18 years","First time applicant","Person","15",""
"2016","Norway","Extra-EU28 (current composition)","Total","Less than 18 years","Asylum applicant","Person","1,250",""
"2016","Norway","Extra-EU28 (current composition)","Total","Less than 18 years","First time applicant","Person","1,225",""
"2016","Switzerland","Extra-EU28 (current composition)","Total","Less than 18 years","Asylum applicant","Person","9,245",""
"2016","Switzerland","Extra-EU28 (current composition)","Total","Less than 18 years","First time applicant","Person","8,925",""
"2016","Total","Extra-EU28 (current composition)","Total","Less than 18 years","Asylum applicant","Person","409,045",""
"2016","Total","Extra-EU28 (current composition)","Total","Less than 18 years","First time applicant","Person","396,845",""
"2017","European Union (current composition)","Extra-EU28 (current composition)","Total","Less than 18 years","Asylum applicant","Person","213,970",""
"2017","European Union (current composition)","Extra-EU28 (current composition)","Total","Less than 18 years","First time applicant","Person","201,345",""
"2017","Belgium","Extra-EU28 (current composition)","Total","Less than 18 years","Asylum applicant","Person","5,535",""
"2017","Belgium","Extra-EU28 (current composition)","Total","Less than 18 years","First time applicant","Person","4,710",""
"2017","Bulgaria","Extra-EU28 (current composition)","Total","Less than 18 years","Asylum applicant","Person","1,200",""
"2017","Bulgaria","Extra-EU28 (current composition)","Total","Less than 18 years","First time applicant","Person","1,140",""
"2017","Czechia","Extra-EU28 (current composition)","Total","Less than 18 years","Asylum applicant","Person","265",""
"2017","Czechia","Extra-EU28 (current composition)","Total","Less than 18 years","First time applicant","Person","235",""
"2017","Denmark","Extra-EU28 (current composition)","Total","Less than 18 years","Asylum applicant","Person","1,175",""
"2017","Denmark","Extra-EU28 (current composition)","Total","Less than 18 years","First time applicant","Person","1,165",""
"2017","Germany (until 1990 former territory of the FRG)","Extra-EU28 (current composition)","Total","Less than 18 years","Asylum applicant","Person","96,585",""
"2017","Germany (until 1990 former territory of the FRG)","Extra-EU28 (current composition)","Total","Less than 18 years","First time applicant","Person","89,170",""
"2017","Estonia","Extra-EU28 (current composition)","Total","Less than 18 years","Asylum applicant","Person","80",""
"2017","Estonia","Extra-EU28 (current composition)","Total","Less than 18 years","First time applicant","Person","75",""
"2017","Ireland","Extra-EU28 (current composition)","Total","Less than 18 years","Asylum applicant","Person","840",""
"2017","Ireland","Extra-EU28 (current composition)","Total","Less than 18 years","First time applicant","Person","840",""
"2017","Greece","Extra-EU28 (current composition)","Total","Less than 18 years","Asylum applicant","Person","19,785",""
"2017","Greece","Extra-EU28 (current composition)","Total","Less than 18 years","First time applicant","Person","19,670",""
"2017","Spain","Extra-EU28 (current composition)","Total","Less than 18 years","Asylum applicant","Person","8,460",""
"2017","Spain","Extra-EU28 (current composition)","Total","Less than 18 years","First time applicant","Person","7,730",""
"2017","France","Extra-EU28 (current composition)","Total","Less than 18 years","Asylum applicant","Person","20,995",""
"2017","France","Extra-EU28 (current composition)","Total","Less than 18 years","First time applicant","Person","20,960",""
"2017","Croatia","Extra-EU28 (current composition)","Total","Less than 18 years","Asylum applicant","Person","180",""
"2017","Croatia","Extra-EU28 (current composition)","Total","Less than 18 years","First time applicant","Person","165",""
"2017","Italy","Extra-EU28 (current composition)","Total","Less than 18 years","Asylum applicant","Person","15,510",""
"2017","Italy","Extra-EU28 (current composition)","Total","Less than 18 years","First time applicant","Person","15,495",""
"2017","Cyprus","Extra-EU28 (current composition)","Total","Less than 18 years","Asylum applicant","Person","690",""
"2017","Cyprus","Extra-EU28 (current composition)","Total","Less than 18 years","First time applicant","Person","685",""
"2017","Latvia","Extra-EU28 (current composition)","Total","Less than 18 years","Asylum applicant","Person","135",""
"2017","Latvia","Extra-EU28 (current composition)","Total","Less than 18 years","First time applicant","Person","135",""
"2017","Lithuania","Extra-EU28 (current composition)","Total","Less than 18 years","Asylum applicant","Person","185",""
"2017","Lithuania","Extra-EU28 (current composition)","Total","Less than 18 years","First time applicant","Person","180",""
"2017","Luxembourg","Extra-EU28 (current composition)","Total","Less than 18 years","Asylum applicant","Person","630",""
"2017","Luxembourg","Extra-EU28 (current composition)","Total","Less than 18 years","First time applicant","Person","610",""
"2017","Hungary","Extra-EU28 (current composition)","Total","Less than 18 years","Asylum applicant","Person","1,595",""
"2017","Hungary","Extra-EU28 (current composition)","Total","Less than 18 years","First time applicant","Person","1,590",""
"2017","Malta","Extra-EU28 (current composition)","Total","Less than 18 years","Asylum applicant","Person","465",""
"2017","Malta","Extra-EU28 (current composition)","Total","Less than 18 years","First time applicant","Person","440",""
"2017","Netherlands","Extra-EU28 (current composition)","Total","Less than 18 years","Asylum applicant","Person","4,280",""
"2017","Netherlands","Extra-EU28 (current composition)","Total","Less than 18 years","First time applicant","Person","3,850",""
"2017","Austria","Extra-EU28 (current composition)","Total","Less than 18 years","Asylum applicant","Person","12,020",""
"2017","Austria","Extra-EU28 (current composition)","Total","Less than 18 years","First time applicant","Person","11,625",""
"2017","Poland","Extra-EU28 (current composition)","Total","Less than 18 years","Asylum applicant","Person","2,335",""
"2017","Poland","Extra-EU28 (current composition)","Total","Less than 18 years","First time applicant","Person","1,385",""
"2017","Portugal","Extra-EU28 (current composition)","Total","Less than 18 years","Asylum applicant","Person","560",""
"2017","Portugal","Extra-EU28 (current composition)","Total","Less than 18 years","First time applicant","Person","250",""
"2017","Romania","Extra-EU28 (current composition)","Total","Less than 18 years","Asylum applicant","Person","1,595",""
"2017","Romania","Extra-EU28 (current composition)","Total","Less than 18 years","First time applicant","Person","1,575",""
"2017","Slovenia","Extra-EU28 (current composition)","Total","Less than 18 years","Asylum applicant","Person","510",""
"2017","Slovenia","Extra-EU28 (current composition)","Total","Less than 18 years","First time applicant","Person","515",""
"2017","Slovakia","Extra-EU28 (current composition)","Total","Less than 18 years","Asylum applicant","Person","35",""
"2017","Slovakia","Extra-EU28 (current composition)","Total","Less than 18 years","First time applicant","Person","35",""
"2017","Finland","Extra-EU28 (current composition)","Total","Less than 18 years","Asylum applicant","Person","1,350",""
"2017","Finland","Extra-EU28 (current composition)","Total","Less than 18 years","First time applicant","Person","1,315",""
"2017","Sweden","Extra-EU28 (current composition)","Total","Less than 18 years","Asylum applicant","Person","9,005",""
"2017","Sweden","Extra-EU28 (current composition)","Total","Less than 18 years","First time applicant","Person","8,060",""
"2017","United Kingdom","Extra-EU28 (current composition)","Total","Less than 18 years","Asylum applicant","Person","7,975",""
"2017","United Kingdom","Extra-EU28 (current composition)","Total","Less than 18 years","First time applicant","Person","7,750",""
"2017","Iceland","Extra-EU28 (current composition)","Total","Less than 18 years","Asylum applicant","Person","175",""
"2017","Iceland","Extra-EU28 (current composition)","Total","Less than 18 years","First time applicant","Person","175",""
"2017","Liechtenstein","Extra-EU28 (current composition)","Total","Less than 18 years","Asylum applicant","Person","50",""
"2017","Liechtenstein","Extra-EU28 (current composition)","Total","Less than 18 years","First time applicant","Person","50",""
"2017","Norway","Extra-EU28 (current composition)","Total","Less than 18 years","Asylum applicant","Person","1,080",""
"2017","Norway","Extra-EU28 (current composition)","Total","Less than 18 years","First time applicant","Person","1,060",""
"2017","Switzerland","Extra-EU28 (current composition)","Total","Less than 18 years","Asylum applicant","Person","6,990",""
"2017","Switzerland","Extra-EU28 (current composition)","Total","Less than 18 years","First time applicant","Person","6,595",""
"2017","Total","Extra-EU28 (current composition)","Total","Less than 18 years","Asylum applicant","Person","222,265",""
"2017","Total","Extra-EU28 (current composition)","Total","Less than 18 years","First time applicant","Person","209,225",""
